source_id,company_name,account_no,year,type,invoice_code,receipt_no,con_amount
824,AAA,3000170189,2566,1,3.00065E+14,300067WQW000001,1935
824,BBB,3000170138,2566,1,3.00065E+14,300067WQW000002,246
824,CCC,3000159061,2566,1,3.00065E+14,300067WQW000003,240
824,DDD,3000170669,2566,1,3.00066E+14,300067WQW000004,1100
824,EEE,3000148302,2566,1,3.00066E+14,300067WQW000005,15000
